Season,Competition,Matchday,Date,Home/Away,Opponent,Result,Position,Minute,Score,Type,Assist
Season 04/05,,,,,,,,,,,
,LaLiga,34,5/1/2005,H,Albacete (19.),2:00,CF,90'+1,2:00,Left-footed shot,Ronaldinho
Season 05/06,,,,,,,,,,,
,Champions League,Group Stage,11/2/2005,H,Panathinaikos,5:00,RW,34',3:00,Left-footed shot,
,LaLiga,13,11/27/2005,H,Racing (18.),4:01,RW,51',2:00,Left-footed shot,Samuel Eto'o
,LaLiga,19,1/15/2006,H,Athletic (19.),2:01,RW,50',2:01,Left-footed shot,Mark van Bommel
,LaLiga,20,1/22/2006,H,Alavés (20.),2:00,CF,82',2:00,Left-footed shot,Ronaldinho
,LaLiga,21,1/29/2006,A,RCD Mallorca (17.),0:03,CF,75',0:02,Right-footed shot,Sylvinho
,,,,,,,,83',0:03,Left-footed shot,Ronaldinho
,Copa del Rey,Quarter-Finals,2/1/2006,H,Real Zaragoza,2:01,CF,42',1:00,Header,Ludovic Giuly
,LaLiga,24,2/18/2006,H,Real Betis (16.),5:01,RW,84',5:01,Left-footed shot,
Season 06/07,,,,,,,,,,,
,LaLiga,1,8/28/2006,A,Celta de Vigo (18.),2:03,LW,59',1:02,Left-footed shot,Andrés Iniesta
,LaLiga,2,9/9/2006,H,CA Osasuna (19.),3:00,RW,36',3:00,Left-footed shot,Samuel Eto'o
,Champions League,Group Stage,9/27/2006,A,Werder Bremen,1:01,RW,89',1:01,Left-footed shot,Deco
,LaLiga,6,10/15/2006,H,Sevilla FC (3.),3:01,RW,80',3:01,Right-footed shot,Xavi
,LaLiga,26,3/10/2007,H,Real Madrid (4.),3:03,RW,11',1:01,Left-footed shot,Samuel Eto'o
,,,,,,,,28',2:02,Left-footed shot,
,,,,,,,,90'+1,3:03,Left-footed shot,Ronaldinho
,LaLiga,27,3/17/2007,A,Recr. Huelva (7.),0:04,RW,86',0:04,Left-footed shot,
,LaLiga,28,3/31/2007,H,Dep. La Coruña (12.),2:01,RW,45',1:00,Left-footed shot,Ronaldinho
,Copa del Rey,Semi-Finals,4/18/2007,H,Getafe,5:02,RW,29',2:00,Solo run,Xavi
,,,,,,,,45',3:00,Left-footed shot,Deco
,LaLiga,35,5/20/2007,A,Atlético Madrid (6.),0:06,RW,39',0:01,Left-footed shot,Samuel Eto'o
,,,,,,,,80',0:05,Left-footed shot,Giovanni van Bronckhorst
,LaLiga,37,6/9/2007,H,Espanyol (11.),2:02,RW,43',1:01,,Gianluca Zambrotta
,,,,,,,,57',2:01,Right-footed shot,Deco
,LaLiga,38,6/17/2007,A,Gimnàstic (20.),1:05,RW,34',0:02,Left-footed shot,Deco
,,,,,,,,51',0:04,Left-footed shot,Deco
Season 07/08,,,,,,,,,,,
,Champions League,Group Stage,9/19/2007,H,Olympique Lyon,3:00,RW,82',2:00,Left-footed shot,Andrés Iniesta
,LaLiga,4,9/22/2007,H,Sevilla FC (2.),2:01,RW,72',1:00,Left-footed shot,Thierry Henry
,,,,,,,,79',2:00,Penalty,
,LaLiga,5,9/26/2007,H,Real Zaragoza (8.),4:01,RW,5',1:00,Left-footed shot,Thierry Henry
,,,,,,,,10',2:01,Left-footed shot,Deco
,LaLiga,6,9/29/2007,A,Levante (20.),1:04,RW,50',0:04,Left-footed shot,Deco
,Champions League,Group Stage,10/2/2007,A,VfB Stuttgart,0:02,RW,66',0:02,Deflected shot on goal,Thierry Henry
,LaLiga,7,10/7/2007,H,Atlético Madrid (5.),3:00,RW,19',2:00,Left-footed shot,Ronaldinho
,LaLiga,9,10/28/2007,H,UD Almería (9.),2:00,RW,80',2:00,Penalty,
,Champions League,Group Stage,11/7/2007,H,Rangers,2:00,RW,41',2:00,Left-footed shot,Ronaldinho
,LaLiga,13,11/24/2007,H,Recr. Huelva (18.),3:00,RW,81',3:00,Penalty,
,Champions League,Group Stage,11/27/2007,A,Olympique Lyon,2:02,RW,58',1:02,Penalty,
,Champions League,last 16,2/20/2008,A,Celtic,2:03,RW,18',1:01,Left-footed shot,Deco
,,,,,,,,79',2:03,Left-footed shot,
,LaLiga,25,2/24/2008,H,Levante (20.),5:01,RW,44',2:01,Left-footed shot,Xavi
,LaLiga,35,5/4/2008,H,Valencia (15.),6:00,RW,5',1:00,Penalty,
Season 08/09,,,,,,,,,,,
,LaLiga,2,9/13/2008,H,Racing (11.),1:01,RW,70',1:00,Penalty,
,LaLiga,3,9/21/2008,A,Sporting Gijón (20.),1:06,RW,85',1:05,Left-footed shot,Andrés Iniesta
,,,,,,,,89',1:06,Header,Xavi
,LaLiga,5,9/27/2008,A,Espanyol (8.),1:02,RW,90',1:02,Penalty,
,Champions League,Group Stage,10/1/2008,A,Shakhtar D.,1:02,RW,87',1:01,Right-footed shot,Bojan Krkic
,,,,,,,,90'+2,1:02,Left-footed shot,Xavi
,LaLiga,6,10/4/2008,H,Atlético Madrid (7.),6:01,RW,8',3:00,Direct free kick,
,Champions League,Group Stage,10/22/2008,A,FC Basel,0:05,CF,4',0:01,Left-footed shot,Dani Alves
,LaLiga,9,11/1/2008,A,Málaga CF (6.),1:04,RW,19',1:02,Left-footed shot,
,Champions League,Group Stage,11/4/2008,H,FC Basel,1:01,RW,61',1:00,Left-footed shot,Thierry Henry
,Copa del Rey,Fifth Round,11/12/2008,H,Benidorm,1:00,RW,86',1:00,Penalty rebound,
,LaLiga,11,11/16/2008,A,Recr. Huelva (17.),0:02,RW,51',0:01,Left-footed shot,Xavi
,Champions League,Group Stage,11/26/2008,A,Sporting CP,2:05,RW,49',0:03,Left-footed shot,Dani Alves
,LaLiga,13,11/29/2008,A,Sevilla FC (5.),0:03,RW,78',0:02,Left-footed shot,Xavi
,,,,,,,,90'+2,0:03,Left-footed shot,Aleksandr Hleb
,LaLiga,15,12/13/2008,H,Real Madrid (5.),2:00,RW,89',2:00,Left-footed shot,Thierry Henry
,Copa del Rey,Round of 16,1/6/2009,A,Atlético Madrid,1:03,RW,11',0:01,Left-footed shot,Dani Alves
,,,,,,,,57',0:02,Penalty,
,,,,,,,,79',1:03,Right-footed shot,Andrés Iniesta
,LaLiga,18,1/11/2009,A,CA Osasuna (20.),2:03,RW,84',2:03,Left-footed shot,Dani Alves
,LaLiga,19,1/17/2009,H,Dep. La Coruña (7.),5:00,RW,21',1:00,Left-footed shot,
,LaLiga,20,1/24/2009,H,CD Numancia (17.),4:01,RW,49',1:00,Left-footed shot,Dani Alves
,,,,,,,,76',4:01,Right-footed shot,
,LaLiga,21,2/1/2009,A,Racing (9.),1:02,RW,65',1:01,Right-footed shot,Xavi
,,,,,,,,81',1:02,Right-footed shot,
,LaLiga,25,3/1/2009,A,Atlético Madrid (7.),4:03,RW,30',0:02,Left-footed shot,
,Copa del Rey,Semi-Finals,3/4/2009,A,RCD Mallorca,1:01,RW,81',1:01,Left-footed shot,Gerard Piqué
,LaLiga,26,3/7/2009,H,Athletic (10.),2:00,RW,31',2:00,Penalty,
,Champions League,last 16,3/11/2009,H,Olympique Lyon,5:02,RW,40',3:00,Left-footed shot,Samuel Eto'o
,LaLiga,28,3/22/2009,H,Málaga CF (6.),6:00,RW,26',2:00,Right-footed shot,Xavi
,Champions League,Quarter-Finals,4/8/2009,H,Bayern Munich,4:00,RW,9',1:00,Left-footed shot,Samuel Eto'o
,,,,,,,,38',3:00,Right-footed shot,Thierry Henry
,LaLiga,31,4/18/2009,A,Getafe (14.),0:01,RW,18',0:01,Left-footed shot,Xavi
,LaLiga,33,4/25/2009,A,Valencia (4.),2:02,RW,23',0:01,Left-footed shot,Andrés Iniesta
,LaLiga,34,5/2/2009,A,Real Madrid (2.),2:06,RW,35',1:03,Left-footed shot,Xavi
,,,,,,,,75',2:05,Left-footed shot,Xavi
,Copa del Rey,Final,5/13/2009,H,Athletic,4:01,RW,55',2:01,Left-footed shot,Samuel Eto'o
,Champions League,Final,5/27/2009,H,Man Utd,2:00,CF,70',2:00,Header,Xavi
Season 09/10,,,,,,,,,,,
,Supercopa,final,8/23/2009,H,Athletic,3:00,RW,50',1:00,Right-footed shot,Zlatan Ibrahimovic
,,,,,,,,68',2:00,Penalty,
,LaLiga,2,9/12/2009,A,Getafe (1.),0:02,RW,78',0:02,Header,Zlatan Ibrahimovic
,LaLiga,3,9/19/2009,H,Atlético Madrid (18.),5:02,RW,15',2:00,Left-footed shot,Xavi
,,,,,,,,90'+3,5:02,Right-footed shot,Dani Alves
,LaLiga,4,9/22/2009,A,Racing (9.),1:04,RW,23',0:02,Left-footed shot,Xavi
,,,,,,,,63',0:04,Left-footed shot,Xavi
,Champions League,Group Stage,9/29/2009,H,Dynamo Kyiv,2:00,RW,25',1:00,Left-footed shot,Andrés Iniesta
,LaLiga,8,10/25/2009,H,Real Zaragoza (13.),6:01,RW,80',5:01,Left-footed shot,Andrés Iniesta
,LaLiga,10,11/7/2009,H,RCD Mallorca (5.),4:02,RW,86',4:01,Penalty,
,Copa del Rey,5th round,11/10/2009,H,CyD Leonesa,5:00,RW,64',4:00,Left-footed shot,Pedro
,LaLiga,13,12/5/2009,A,Dep. La Coruña (5.),1:03,RW,26',0:01,Left-footed shot,Dani Alves
,,,,,,,,80',1:02,Header,Pedro
,Champions League,Group Stage,12/9/2009,A,Dynamo Kyiv,1:02,RW,86',1:02,Direct free kick,
,Club World Cup,Semi-Finals,12/16/2009,A,Atlante,1:03,RW,55',1:02,Left-footed shot,Zlatan Ibrahimovic
,Club World Cup,Final,12/19/2009,A,Estudiantes,1:2 AET,RW,110',1:02,Chest,Dani Alves
,LaLiga,17,1/10/2010,A,CD Tenerife (17.),0:05,RW,36',0:01,Left-footed shot,Bojan Krkic
,,,,,,,,45',0:03,Right-footed shot,Bojan Krkic
,,,,,,,,75',0:04,Left-footed shot,Bojan Krkic
,LaLiga,18,1/16/2010,H,Sevilla FC (5.),4:00,RW,85',3:00,Left-footed shot,Dani Alves
,,,,,,,,90'+1,4:00,Left-footed shot,Éric Abidal
,LaLiga,19,1/23/2010,A,Real Valladolid (17.),0:03,RW,54',0:03,Left-footed shot,Zlatan Ibrahimovic
,LaLiga,21,2/6/2010,H,Getafe (7.),2:01,RW,7',1:00,Left-footed shot,Yaya Touré
,LaLiga,24,2/27/2010,H,Málaga CF (12.),2:01,RW,84',2:01,Right-footed shot,Dani Alves
,LaLiga,25,3/6/2010,A,UD Almería (13.),2:02,RW,42',1:01,Direct free kick,
,,,,,,,,66',2:02,Left-footed shot,
,LaLiga,26,3/14/2010,H,Valencia (3.),3:00,CF,56',1:00,Left-footed shot,Xavi
,,,,,,,,80',2:00,Left-footed shot,Thierry Henry
,,,,,,,,82',3:00,Right-footed shot,Thierry Henry
,Champions League,last 16,3/17/2010,H,VfB Stuttgart,4:00,RW,13',1:00,Left-footed shot,Yaya Touré
,,,,,,,,56',3:00,Left-footed shot,Dani Alves
,LaLiga,27,3/21/2010,A,Real Zaragoza (17.),2:04,RW,4',0:01,Header,Pedro
,,,,,,,,65',0:02,Left-footed shot,
,,,,,,,,78',0:03,Left-footed shot,Andrés Iniesta
,LaLiga,30,4/3/2010,H,Athletic (6.),4:01,CF,67',4:00,Left-footed shot,Pedro
,Champions League,Quarter-Finals,4/6/2010,H,Arsenal,4:01,RW,21',1:01,Left-footed shot,
,,,,,,,,37',2:01,Right-footed shot,Pedro
,,,,,,,,42',3:01,Left-footed shot,Seydou Keita
,,,,,,,,88',4:01,Left-footed shot,Xavi
,LaLiga,31,4/10/2010,A,Real Madrid (1.),0:02,CF,32',0:01,Right-footed shot,Xavi
,LaLiga,35,5/1/2010,A,Villarreal (6.),1:04,RW,18',0:01,Left-footed shot,Xavi
,,,,,,,,87',1:04,Left-footed shot,Dani Alves
,LaLiga,36,5/4/2010,H,CD Tenerife (18.),4:01,RW,16',1:00,Right-footed shot,Zlatan Ibrahimovic
,,,,,,,,90'+3,4:01,Right-footed shot,Dani Alves
,LaLiga,37,5/8/2010,A,Sevilla FC (4.),2:03,RW,5',0:01,Left-footed shot,Maxwell
,LaLiga,38,5/16/2010,H,Real Valladolid (18.),4:00,RW,61',3:00,Right-footed shot,Yaya Touré
,,,,,,,,74',4:00,Left-footed shot,Yaya Touré
Season 10/11,,,,,,,,,,,
,Supercopa,final,8/21/2010,H,Sevilla FC,4:00,RW,25',2:00,Left-footed shot,Xavi
,,,,,,,,43',3:00,Right-footed shot,Dani Alves
,,,,,,,,90'+1,4:00,Left-footed shot,Andrés Iniesta
,LaLiga,1,8/29/2010,A,Racing (12.),0:03,RW,3',0:01,Left-footed shot,Andrés Iniesta
,Champions League,Group Stage,9/14/2010,H,Panathinaikos,5:01,CF,22',1:01,Left-footed shot,Xavi
,,,,,,,,45',3:01,Left-footed shot,Pedro
,LaLiga,3,9/19/2010,A,Atlético Madrid (1.),1:02,CF,12',0:01,Left-footed shot,Pedro
,LaLiga,6,10/3/2010,H,RCD Mallorca (11.),1:01,CF,20',1:00,Left-footed shot,Pedro
,Champions League,Group Stage,10/20/2010,H,FC Copenhagen,2:00,CF,18',1:00,Left-footed shot,Andrés Iniesta
,,,,,,,,90'+1,2:00,Left-footed shot,Éric Abidal
,LaLiga,8,10/23/2010,A,Real Zaragoza (20.),0:02,CF,41',0:01,Left-footed shot,David Villa
,,,,,,,,65',0:02,Left-footed shot,
,LaLiga,9,10/30/2010,H,Sevilla FC (6.),5:00,RW,4',1:00,Left-footed shot,
,,,,,,,,63',4:00,Left-footed shot,
,Champions League,Group Stage,11/2/2010,A,FC Copenhagen,1:01,CF,31',0:01,Right-footed shot,
,LaLiga,10,11/7/2010,A,Getafe (10.),1:03,CF,23',0:01,Left-footed shot,David Villa
,Copa del Rey,4th round,11/10/2010,H,AD Ceuta,5:01,RW,67',5:01,Left-footed shot,Thiago
,LaLiga,11,11/13/2010,H,Villarreal (3.),3:01,CF,58',2:01,Right-footed shot,Pedro
,,,,,,,,83',3:01,Left-footed shot,Pedro
,LaLiga,12,11/20/2010,A,UD Almería (18.),0:08,CF,16',0:01,Left-footed shot,David Villa
,,,,,,,,36',0:05,Tap-in,
,,,,,,,,67',0:07,Tap-in,David Villa
,Champions League,Group Stage,11/24/2010,A,Panathinaikos,0:03,CF,63',0:02,Left-footed shot,Adriano
,LaLiga,14,12/4/2010,A,CA Osasuna (12.),0:03,CF,64',0:02,Left-footed shot,David Villa
,,,,,,,,82',0:03,Penalty,
,LaLiga,15,12/12/2010,H,Real Sociedad (6.),5:00,CF,46',3:00,Left-footed shot,Dani Alves
,,,,,,,,86',4:00,Left-footed shot,Bojan Krkic
,LaLiga,18,1/8/2011,A,Dep. La Coruña (12.),0:04,CF,51',0:02,Direct free kick,
,Copa del Rey,Quarter-Finals,1/12/2011,H,Real Betis,5:00,CF,44',1:00,Left-footed shot,Andrés Iniesta
,,,,,,,,63',2:00,Left-footed shot,
,,,,,,,,73',3:00,Left-footed shot,Xavi
,Copa del Rey,Quarter-Finals,1/19/2011,A,Real Betis,3:01,RW,37',2:01,Left-footed shot,Xavi
,LaLiga,20,1/22/2011,H,Racing (14.),3:00,CF,33',2:00,Penalty,
,Copa del Rey,Semi-Finals,1/26/2011,H,UD Almería,5:00,CF,9',1:00,Left-footed shot,Pedro
,,,,,,,,15',3:00,Left-footed shot,Andrés Iniesta
,LaLiga,21,1/29/2011,A,Hércules CF (12.),0:03,CF,87',0:02,Left-footed shot,Dani Alves
,,,,,,,,89',0:03,Left-footed shot,Dani Alves
,LaLiga,22,2/5/2011,H,Atlético Madrid (7.),3:00,CF,16',1:00,Left-footed shot,Dani Alves
,,,,,,,,28',2:00,Left-footed shot,Pedro
,,,,,,,,78',3:00,Left-footed shot,David Villa
,LaLiga,24,2/20/2011,H,Athletic (5.),2:01,CF,78',2:01,Right-footed shot,Dani Alves
,LaLiga,25,2/26/2011,A,RCD Mallorca (11.),0:03,CF,38',0:01,Header,Seydou Keita
,LaLiga,26,3/2/2011,A,Valencia (3.),0:01,CF,77',0:01,Left-footed shot,Adriano
,Champions League,last 16,3/8/2011,H,Arsenal,3:01,RW,49',1:00,Left-footed shot,Andrés Iniesta
,,,,,,,,72',3:01,Penalty,
,LaLiga,31,4/9/2011,H,UD Almería (20.),3:01,CF,52',1:01,Penalty,
,,,,,,,,90'+1,3:01,Left-footed shot,Seydou Keita
,Champions League,Quarter-Finals,4/12/2011,A,Shakhtar D.,0:01,CF,42',0:01,Left-footed shot,Dani Alves
,LaLiga,32,4/16/2011,A,Real Madrid (2.),1:01,CF,53',0:01,Penalty,
,LaLiga,33,4/23/2011,H,CA Osasuna (16.),2:00,CF,87',2:00,Right-footed shot,Dani Alves
,Champions League,Semi-Finals,4/27/2011,A,Real Madrid,0:02,CF,76',0:01,Left-footed shot,Ibrahim Afellay
,,,,,,,,87',0:02,Solo run,Sergio Busquets
,Champions League,Final,5/28/2011,H,Man Utd,3:01,CF,54',2:01,Left-footed shot,Andrés Iniesta
Season 11/12,,,,,,,,,,,
,Supercopa,final,8/14/2011,A,Real Madrid,2:02,CF,45',1:02,Left-footed shot,Thiago
,Supercopa,final,8/17/2011,H,Real Madrid,3:02,CF,44',2:01,Right-footed shot,Gerard Piqué
,,,,,,,,88',3:02,Left-footed shot,Adriano
,UEFA Super Cup,Final,8/26/2011,H,FC Porto,2:00,CF,39',1:00,Left-footed shot,
,LaLiga,2,8/29/2011,H,Villarreal (5.),5:00,CF,51',4:00,Right-footed shot,Andrés Iniesta
,,,,,,,,74',5:00,Left-footed shot,Thiago
,LaLiga,4,9/17/2011,H,CA Osasuna (8.),8:00,CF,5',1:00,Left-footed shot,Dani Alves
,,,,,,,,41',5:00,Left-footed shot,Cesc Fàbregas
,,,,,,,,79',8:00,Left-footed shot,Cesc Fàbregas
,LaLiga,6,9/24/2011,H,Atlético Madrid (4.),5:00,CF,26',3:00,Left-footed shot,Pedro
,,,,,,,,78',4:00,Left-footed shot,Dani Alves
,,,,,,,,90'+1,5:00,Left-footed shot,David Villa
,Champions League,Group Stage,9/28/2011,A,BATE Borisov,0:05,CF,38',0:03,Header,
,,,,,,,,56',0:04,Left-footed shot,Dani Alves
,LaLiga,8,10/15/2011,H,Racing (18.),3:00,CF,11',1:00,Right-footed shot,Andrés Iniesta
,,,,,,,,69',3:00,Right-footed shot,
,LaLiga,11,10/29/2011,H,RCD Mallorca (12.),5:00,CF,13',1:00,Penalty,
,,,,,,,,21',2:00,Right-footed shot,Adriano
,,,,,,,,30',3:00,Left-footed shot,Dani Alves
,Champions League,Group Stage,11/1/2011,A,Viktoria Plzen,0:04,CF,24',0:01,Penalty,
,,,,,,,,45'+2,0:02,Left-footed shot,Adriano
,,,,,,,,90'+2,0:04,Left-footed shot,Gerard Piqué
,LaLiga,12,11/6/2011,A,Athletic (10.),2:02,CF,90',2:02,Left-footed shot,
,LaLiga,13,11/19/2011,H,Real Zaragoza (16.),4:00,CF,43',2:00,Right-footed shot,Cesc Fàbregas
,Champions League,Group Stage,11/23/2011,A,AC Milan,2:03,RW,31',1:02,Penalty,
,LaLiga,17,11/29/2011,H,Rayo Vallecano (15.),4:00,CF,49',4:00,Left-footed shot,Dani Alves
,LaLiga,15,12/3/2011,H,Levante (4.),5:00,CF,55',4:00,Left-footed shot,Dani Alves
,Club World Cup,Final,12/18/2011,A,Santos FC,0:04,RW,17',0:01,Left-footed shot,Xavi
,,,,,,,,82',0:04,Left-footed shot,Dani Alves
,Copa del Rey,last 16,1/4/2012,H,CA Osasuna,4:00,CF,71',3:00,Header,Cesc Fàbregas
,,,,,,,,90',4:00,Left-footed shot,Xavi
,LaLiga,19,1/15/2012,H,Real Betis (11.),4:02,CF,12',2:00,Right-footed shot,Alexis Sánchez
,,,,,,,,86',4:02,Penalty,
,LaLiga,1,1/22/2012,A,Málaga CF (4.),1:04,CF,32',0:01,Header,Adriano
,,,,,,,,51',0:03,Left-footed shot,Thiago
,,,,,,,,77',0:04,Left-footed shot,Pedro
,LaLiga,22,2/4/2012,H,Real Sociedad (13.),2:01,CF,72',2:00,Left-footed shot,Dani Alves
,Champions League,last 16,2/14/2012,A,Bay. Leverkusen,1:03,CF,88',1:03,Left-footed shot,Dani Alves
,LaLiga,24,2/19/2012,H,Valencia (3.),5:01,CF,21',1:01,Left-footed shot,
,,,,,,,,27',2:01,Tap-in,
,,,,,,,,75',3:01,Left-footed shot,
,,,,,,,,84',4:01,Left-footed shot,Sergio Busquets
,LaLiga,25,2/26/2012,A,Atlético Madrid (5.),1:02,CF,79',1:02,Direct free kick,
,Champions League,last 16,3/7/2012,H,Bay. Leverkusen,7:01,CF,25',1:00,Left-footed shot,Xavi
,,,,,,,,42',2:00,Left-footed shot,Andrés Iniesta
,,,,,,,,50',3:00,Right-footed shot,Cesc Fàbregas
,,,,,,,,58',5:00,Left-footed shot,
,,,,,,,,85',7:00,Left-footed shot,Seydou Keita
,LaLiga,27,3/11/2012,A,Racing (18.),0:02,CF,28',0:01,Left-footed shot,Cesc Fàbregas
,,,,,,,,55',0:02,Penalty,
,LaLiga,28,3/17/2012,A,Sevilla FC (12.),0:02,CF,25',0:02,Left-footed shot,Andrés Iniesta
,LaLiga,29,3/20/2012,H,Granada CF (14.),5:03,CF,16',2:00,Left-footed shot,Isaac Cuenca
,,,,,,,,66',3:02,Left-footed shot,Dani Alves
,,,,,,,,85',5:02,Left-footed shot,Dani Alves
,LaLiga,30,3/24/2012,A,RCD Mallorca (9.),0:02,CF,25',0:01,Direct free kick,
,LaLiga,31,3/31/2012,H,Athletic (12.),2:00,CF,57',2:00,Penalty,
,Champions League,Quarter-Finals,4/3/2012,H,AC Milan,3:01,RW,11',1:00,Penalty,
,,,,,,,,42',2:01,Penalty,
,LaLiga,32,4/7/2012,A,Real Zaragoza (18.),1:04,CF,39',1:02,Left-footed shot,Alexis Sánchez
,,,,,,,,86',1:03,Penalty,
,LaLiga,33,4/10/2012,H,Getafe (7.),4:00,CF,44',2:00,Left-footed shot,Andrés Iniesta
,LaLiga,34,4/14/2012,A,Levante (5.),1:02,CF,64',1:01,Left-footed shot,Alexis Sánchez
,,,,,,,,73',1:02,Penalty,
,LaLiga,36,4/29/2012,A,Rayo Vallecano (16.),0:07,CF,16',0:01,Left-footed shot,Pedro
,,,,,,,,88',0:07,Left-footed shot,Pedro
,LaLiga,20,5/2/2012,H,Málaga CF (10.),4:01,CF,34',2:01,Penalty,
,,,,,,,,60',3:01,Penalty,
,,,,,,,,63',4:01,Left-footed shot,Andrés Iniesta
,LaLiga,37,5/5/2012,H,Espanyol (13.),4:00,CF,11',1:00,Direct free kick,
,,,,,,,,63',2:00,Penalty,
,,,,,,,,73',3:00,Left-footed shot,Adriano
,,,,,,,,78',4:00,Penalty,
,Copa del Rey,Final,5/25/2012,H,Athletic,3:00,CF,20',2:00,Right-footed shot,Andrés Iniesta
Season 12/13,,,,,,,,,,,
,LaLiga,1,8/19/2012,H,Real Sociedad (4.),5:01,CF,10',2:01,Left-footed shot,Pedro
,,,,,,,,15',3:01,Left-footed shot,Cristian Tello
,Supercopa,final,8/23/2012,H,Real Madrid,3:02,CF,60',2:01,Penalty,
,LaLiga,2,8/26/2012,A,CA Osasuna (19.),1:02,CF,74',1:01,Left-footed shot,Alexis Sánchez
,,,,,,,,79',1:02,Left-footed shot,Jordi Alba
,Supercopa,final,8/29/2012,A,Real Madrid,2:01,CF,45',2:01,Direct free kick,
,LaLiga,4,9/15/2012,A,Getafe (10.),1:04,CF,74',0:02,Penalty,
,,,,,,,,78',0:03,Left-footed shot,Pedro
,Champions League,Group Stage,9/19/2012,H,Spartak Moscow,3:02,CF,71',2:02,Left-footed shot,Cristian Tello
,,,,,,,,80',3:02,Header,Alexis Sánchez
,LaLiga,7,10/7/2012,H,Real Madrid (6.),2:02,CF,31',1:01,Left-footed shot,
,,,,,,,,60',2:01,Direct free kick,
,LaLiga,8,10/20/2012,A,Dep. La Coruña (18.),4:05,CF,17',0:03,Left-footed shot,Cesc Fàbregas
,,,,,,,,43',2:04,Left-footed shot,Cesc Fàbregas
,,,,,,,,76',3:05,Left-footed shot,Xavi
,LaLiga,9,10/27/2012,A,Rayo Vallecano (12.),0:05,CF,48',0:02,Left-footed shot,Martín Montoya
,,,,,,,,89',0:05,Right-footed shot,Cesc Fàbregas
,Champions League,Group Stage,11/7/2012,A,Celtic,2:01,CF,90'+1,2:01,Tap-in,
,LaLiga,11,11/11/2012,A,RCD Mallorca (13.),2:04,CF,43',0:02,Left-footed shot,Sergio Busquets
,,,,,,,,70',2:04,Left-footed shot,Alexis Sánchez
,LaLiga,12,11/17/2012,H,Real Zaragoza (11.),3:01,CF,15',1:00,Left-footed shot,Jordi Alba
,,,,,,,,60',3:01,Left-footed shot,Martín Montoya
,Champions League,Group Stage,11/20/2012,A,Spartak Moscow,0:03,CF,27',0:02,Right-footed shot,
,,,,,,,,39',0:03,Left-footed shot,Pedro
,LaLiga,13,11/25/2012,A,Levante (4.),0:04,CF,46',0:01,Left-footed shot,Andrés Iniesta
,,,,,,,,51',0:02,Left-footed shot,Andrés Iniesta
,LaLiga,14,12/1/2012,H,Athletic (14.),5:01,CF,24',2:00,Left-footed shot,Xavi
,,,,,,,,69',5:01,Right-footed shot,Pedro
,LaLiga,15,12/9/2012,A,Real Betis (4.),1:02,CF,16',0:01,Left-footed shot,Andrés Iniesta
,,,,,,,,25',0:02,Left-footed shot,Andrés Iniesta
,Copa del Rey,last 16,12/12/2012,A,Córdoba CF,0:02,CF,10',0:01,Left-footed shot,David Villa
,,,,,,,,73',0:02,Left-footed shot,Alexis Sánchez
,LaLiga,16,12/16/2012,H,Atlético Madrid (2.),4:01,CF,58',3:01,Left-footed shot,Alexis Sánchez
,,,,,,,,88',4:01,Left-footed shot,
,LaLiga,17,12/22/2012,A,Real Valladolid (8.),1:03,CF,59',0:02,Left-footed shot,Xavi
,LaLiga,18,1/6/2013,H,Espanyol (18.),4:00,CF,28',4:00,Penalty,
,LaLiga,19,1/13/2013,A,Málaga CF (4.),1:03,CF,26',0:01,Right-footed shot,
,Copa del Rey,Quarter-Finals,1/16/2013,H,Málaga CF,2:02,CF,29',1:01,Left-footed shot,
,LaLiga,20,1/19/2013,A,Real Sociedad (9.),3:02,CF,6',0:01,Left-footed shot,Andrés Iniesta
,Copa del Rey,Quarter-Finals,1/24/2013,A,Málaga CF,2:04,CF,79',2:04,Header,Dani Alves
,LaLiga,21,1/27/2013,H,CA Osasuna (18.),5:01,CF,11',1:00,Right-footed shot,Xavi
,,,,,,,,28',2:01,Penalty,
,,,,,,,,56',4:01,Left-footed shot,David Villa
,,,,,,,,58',5:01,Left-footed shot,Adriano
,LaLiga,22,2/3/2013,A,Valencia (7.),1:01,CF,39',1:01,Penalty,
,LaLiga,23,2/10/2013,H,Getafe (12.),6:01,CF,13',2:00,Left-footed shot,Thiago
,LaLiga,24,2/16/2013,A,Granada CF (14.),1:02,CF,49',1:01,Tap-in,
,,,,,,,,72',1:02,Direct free kick,
,LaLiga,25,2/23/2013,H,Sevilla FC (10.),2:01,CF,60',2:01,Left-footed shot,Cristian Tello
,LaLiga,26,3/2/2013,A,Real Madrid (3.),2:01,CF,18',1:01,Left-footed shot,Dani Alves
,LaLiga,27,3/9/2013,H,Dep. La Coruña (20.),2:00,CF,88',2:00,Left-footed shot,Alexis Sánchez
,Champions League,last 16,3/12/2013,H,AC Milan,4:00,CF,5',1:00,Left-footed shot,Xavi
,,,,,,,,40',2:00,Left-footed shot,Andrés Iniesta
,LaLiga,28,3/17/2013,H,Rayo Vallecano (8.),3:01,CF,40',2:00,Left-footed shot,David Villa
,,,,,,,,57',3:00,Left-footed shot,David Villa
,LaLiga,29,3/30/2013,A,Celta de Vigo (19.),2:02,CF,73',1:02,Left-footed shot,Cristian Tello
,Champions League,Quarter-Finals,4/2/2013,A,Paris SG,2:02,CF,38',0:01,Left-footed shot,Dani Alves
,LaLiga,33,4/27/2013,A,Athletic (14.),2:02,CF,67',1:01,Left-footed shot,Thiago
,LaLiga,34,5/5/2013,H,Real Betis (7.),4:02,CF,60',3:02,Direct free kick,
,,,,,,,,71',4:02,Left-footed shot,Alexis Sánchez
Season 13/14,,,,,,,,,,,
,LaLiga,1,8/18/2013,H,Levante (10.),7:00,CF,13',2:00,Left-footed shot,Pedro
,,,,,,,,42',5:00,Penalty,
,LaLiga,3,9/1/2013,A,Valencia (10.),2:03,CF,11',0:01,Left-footed shot,Cesc Fàbregas
,,,,,,,,39',0:02,Right-footed shot,Cesc Fàbregas
,,,,,,,,41',0:03,Left-footed shot,Neymar
,LaLiga,4,9/14/2013,H,Sevilla FC (15.),3:02,CF,75',2:00,Left-footed shot,Neymar
,Champions League,Group Stage,9/18/2013,H,Ajax,4:00,CF,22',1:00,Direct free kick,
,,,,,,,,55',2:00,Left-footed shot,Sergio Busquets
,,,,,,,,75',4:00,Left-footed shot,Xavi
,LaLiga,6,9/24/2013,H,Real Sociedad (7.),4:01,CF,8',2:00,Header,Neymar
,LaLiga,7,9/28/2013,A,UD Almería (17.),0:02,CF,21',0:01,Left-footed shot,Pedro
,Champions League,Group Stage,10/22/2013,A,AC Milan,1:01,CF,23',1:01,Left-footed shot,Andrés Iniesta
,Champions League,Group Stage,11/6/2013,H,AC Milan,3:01,CF,30',1:00,Penalty,
,,,,,,,,83',3:01,Left-footed shot,Cesc Fàbregas
,Copa del Rey,last 16,1/8/2014,H,Getafe,4:00,CF,90'+2,4:00,Left-footed shot,Alex Song
,,,,,,,,90',3:00,Left-footed shot,Martín Montoya
,Copa del Rey,last 16,1/16/2014,A,Getafe,0:02,CF,43',0:01,Right-footed shot,Cristian Tello
,,,,,,,,63',0:02,Left-footed shot,
,LaLiga,22,2/1/2014,H,Valencia (10.),2:03,CF,54',2:02,Penalty,
,LaLiga,23,2/9/2014,A,Sevilla FC (7.),1:04,CF,44',1:02,Left-footed shot,Pedro
,,,,,,,,56',1:03,Left-footed shot,Andrés Iniesta
,Copa del Rey,Semi-Finals,2/12/2014,A,Real Sociedad,1:01,CF,26',0:01,Solo run,
,LaLiga,24,2/15/2014,H,Rayo Vallecano (19.),6:00,CF,36',2:00,Left-footed shot,Cesc Fàbregas
,,,,,,,,68',5:00,Left-footed shot,Alexis Sánchez
,Champions League,last 16,2/18/2014,A,Man City,0:02,CF,54',0:01,Penalty,
,LaLiga,25,2/22/2014,A,Real Sociedad (6.),3:01,CF,36',1:01,Left-footed shot,Martín Montoya
,LaLiga,26,3/2/2014,H,UD Almería (16.),4:01,CF,24',2:00,Direct free kick,
,Champions League,last 16,3/12/2014,H,Man City,2:01,CF,67',1:00,Left-footed shot,
,LaLiga,28,3/16/2014,H,CA Osasuna (15.),7:00,CF,18',1:00,Left-footed shot,Alexis Sánchez
,,,,,,,,63',4:00,Left-footed shot,Andrés Iniesta
,,,,,,,,88',6:00,Right-footed shot,Dani Alves
,LaLiga,29,3/23/2014,A,Real Madrid (1.),3:04,CF,42',2:02,Left-footed shot,Neymar
,,,,,,,,65',3:03,Penalty,
,,,,,,,,84',3:04,Penalty,
,LaLiga,30,3/26/2014,H,Celta de Vigo (12.),3:00,CF,30',2:00,Right-footed shot,Andrés Iniesta
,LaLiga,31,3/29/2014,A,Espanyol (9.),0:01,CF,77',0:01,Penalty,
,LaLiga,32,4/5/2014,H,Real Betis (20.),3:01,CF,15',1:00,Penalty,
,,,,,,,,86',3:01,Penalty rebound,Antonio Amaya
,LaLiga,34,4/20/2014,H,Athletic (4.),2:01,CF,74',2:01,Direct free kick,
,LaLiga,35,4/27/2014,A,Villarreal (7.),2:03,CF,83',2:03,Right-footed shot,Cesc Fàbregas
,LaLiga,36,5/3/2014,H,Getafe (16.),2:02,CF,23',1:00,Left-footed shot,Dani Alves
Season 14/15,,,,,,,,,,,
,LaLiga,1,8/24/2014,H,Elche CF (13.),3:00,CF,42',1:00,Left-footed shot,Sergio Busquets
,,,,,,,,64',3:00,Left-footed shot,
,LaLiga,4,9/21/2014,A,Levante (20.),0:05,CF,77',0:05,Right-footed shot,
,LaLiga,6,9/27/2014,H,Granada CF (8.),6:00,CF,62',4:00,Header,Dani Alves
,,,,,,,,82',6:00,Right-footed shot,
,Champions League,Group Stage,9/30/2014,A,Paris SG,3:02,RW,12',1:01,Left-footed shot,Andrés Iniesta
,LaLiga,7,10/4/2014,A,Rayo Vallecano (9.),0:02,CF,35',0:01,Left-footed shot,Gerard Piqué
,LaLiga,8,10/18/2014,H,SD Eibar (9.),3:00,CF,74',3:00,Left-footed shot,Neymar
,Champions League,Group Stage,10/21/2014,H,Ajax,3:01,CF,24',2:00,Left-footed shot,Andrés Iniesta
,Champions League,Group Stage,11/5/2014,A,Ajax,0:02,RW,36',0:01,Header,Marc Bartra
,,,,,,,,76',0:02,Left-footed shot,Pedro
,LaLiga,12,11/22/2014,H,Sevilla FC (5.),5:01,RW,21',1:00,Direct free kick,
,,,,,,,,73',4:01,Tap-in,Neymar
,,,,,,,,78',5:01,Left-footed shot,Neymar
,Champions League,Group Stage,11/25/2014,A,APOEL Nicosia,0:04,CF,38',0:02,Right-footed shot,Rafinha
,,,,,,,,58',0:03,Right-footed shot,Dani Alves
,,,,,,,,87',0:04,Right-footed shot,Pedro
,LaLiga,14,12/7/2014,H,Espanyol (12.),5:01,RW,45'+1,1:01,Left-footed shot,Xavi
,,,,,,,,50',2:01,Right-footed shot,Luis Suárez
,,,,,,,,81',5:01,Right-footed shot,Pedro
,Champions League,Group Stage,12/10/2014,H,Paris SG,3:01,AM,19',1:01,Right-footed shot,Luis Suárez
,LaLiga,16,12/20/2014,H,Córdoba CF (18.),5:00,RW,82',4:00,Right-footed shot,
,,,,,,,,90',5:00,Right-footed shot,
,Copa del Rey,last 16,1/8/2015,H,Elche CF,5:00,RW,45',3:00,Penalty,
,LaLiga,18,1/11/2015,H,Atlético Madrid (3.),3:01,RW,87',3:01,Left-footed shot,
,LaLiga,19,1/18/2015,A,Dep. La Coruña (16.),0:04,RW,11',0:01,Header,Ivan Rakitic
,,,,,,,,33',0:02,Left-footed shot,Luis Suárez
,,,,,,,,62',0:03,Left-footed shot,Ivan Rakitic
,Copa del Rey,Quarter-Finals,1/21/2015,H,Atlético Madrid,1:00,RW,85',1:00,Penalty rebound,
,LaLiga,20,1/24/2015,A,Elche CF (16.),0:06,CF,55',0:02,Penalty,
,,,,,,,,88',0:05,Left-footed shot,Marc Bartra
,LaLiga,21,2/1/2015,H,Villarreal (6.),3:02,RW,55',3:02,Right-footed shot,Luis Suárez
,LaLiga,22,2/8/2015,A,Athletic (11.),2:05,RW,15',0:01,Direct free kick,
,Copa del Rey,Semi-Finals,2/11/2015,H,Villarreal,3:01,RW,41',1:00,Left-footed shot,Luis Suárez
,LaLiga,23,2/15/2015,H,Levante (18.),5:00,CF,38',2:00,Right-footed shot,Marc Bartra
,,,,,,,,59',3:00,Right-footed shot,Pedro
,,,,,,,,65',4:00,Penalty,
,LaLiga,25,2/28/2015,A,Granada CF (19.),1:03,RW,70',1:03,Right-footed shot,Luis Suárez
,LaLiga,26,3/8/2015,H,Rayo Vallecano (11.),6:01,RW,56',3:00,Penalty,
,,,,,,,,63',4:00,Tap-in,
,,,,,,,,68',5:00,Left-footed shot,Pedro
,LaLiga,27,3/14/2015,A,SD Eibar (14.),0:02,RW,31',0:01,Penalty,
,,,,,,,,55',0:02,Header,Ivan Rakitic
,LaLiga,30,4/8/2015,H,UD Almería (18.),4:00,RW,33',1:00,Left-footed shot,Marc Bartra
,LaLiga,31,4/11/2015,A,Sevilla FC (5.),2:02,RW,15',0:01,Left-footed shot,Neymar
,LaLiga,32,4/18/2015,H,Valencia (4.),2:00,RW,90'+4,2:00,Left-footed shot,
,LaLiga,33,4/25/2015,A,Espanyol (10.),0:02,RW,25',0:02,Left-footed shot,Luis Suárez
,LaLiga,34,4/28/2015,H,Getafe (13.),6:00,RW,9',1:00,Penalty,
,,,,,,,,47',6:00,Left-footed shot,Luis Suárez
,LaLiga,35,5/2/2015,A,Córdoba CF (20.),0:08,RW,47',0:03,Header,Dani Alves
,,,,,,,,80',0:06,Left-footed shot,Luis Suárez
,Champions League,Semi-Finals,5/6/2015,H,Bayern Munich,3:00,RW,77',1:00,Left-footed shot,Dani Alves
,,,,,,,,80',2:00,Right-footed shot,Ivan Rakitic
,LaLiga,37,5/17/2015,A,Atlético Madrid (3.),0:01,RW,65',0:01,Left-footed shot,Pedro
,LaLiga,38,5/23/2015,H,Dep. La Coruña (16.),2:02,RW,5',1:00,Header,Rafinha
,,,,,,,,59',2:00,Right-footed shot,Neymar
,Copa del Rey,Final,5/30/2015,A,Athletic,1:03,RW,20',0:01,Solo run,
,,,,,,,,74',0:03,Left-footed shot,Dani Alves
Season 15/16,,,,,,,,,,,
,UEFA Super Cup,Final,8/11/2015,H,Sevilla FC,5:4 AET,RW,7',1:01,Direct free kick,
,,,,,,,,16',2:01,Direct free kick,
,Supercopa,final,8/17/2015,H,Athletic,1:01,RW,43',1:00,Left-footed shot,Luis Suárez
,LaLiga,3,9/12/2015,A,Atlético Madrid (3.),1:02,RW,77',1:02,Left-footed shot,Luis Suárez
,LaLiga,4,9/20/2015,H,Levante (14.),4:01,AM,61',3:00,Penalty,
,,,,,,,,90',4:01,Left-footed shot,Marc Bartra
,Champions League,Group Stage,11/24/2015,H,AS Roma,6:01,RW,18',2:00,Left-footed shot,Luis Suárez
,,,,,,,,60',5:00,Tap-in,
,LaLiga,13,11/28/2015,H,Real Sociedad (14.),4:00,RW,90'+1,4:00,Left-footed shot,Neymar
,Champions League,Group Stage,12/9/2015,A,Bay. Leverkusen,1:01,CF,20',0:01,Right-footed shot,Ivan Rakitic
,LaLiga,15,12/12/2015,H,Dep. La Coruña (6.),2:02,RW,39',1:00,Direct free kick,
,Club World Cup,Final,12/20/2015,A,River Plate,0:03,RW,36',0:01,Left-footed shot,Neymar
,LaLiga,17,12/30/2015,H,Real Betis (11.),4:00,RW,33',2:00,Right-footed shot,Neymar
,Copa del Rey,last 16,1/6/2016,H,Espanyol,4:01,RW,13',1:01,Left-footed shot,Andrés Iniesta
,,,,,,,,44',2:01,Direct free kick,
,LaLiga,19,1/9/2016,H,Granada CF (17.),4:00,RW,8',1:00,Left-footed shot,Arda Turan
,,,,,,,,14',2:00,Left-footed shot,Luis Suárez
,,,,,,,,58',3:00,Tap-in,
,LaLiga,20,1/17/2016,H,Athletic (8.),6:00,RW,7',1:00,Penalty,
,LaLiga,21,1/23/2016,A,Málaga CF (12.),1:02,RW,51',1:02,Left-footed shot,Adriano
,LaLiga,22,1/30/2016,H,Atlético Madrid (2.),2:01,RW,30',1:01,Left-footed shot,Jordi Alba
,Copa del Rey,Semi-Finals,2/3/2016,H,Valencia,7:00,RW,29',3:00,Left-footed shot,Neymar
,,,,,,,,59',4:00,Left-footed shot,Luis Suárez
,,,,,,,,74',5:00,Left-footed shot,
,LaLiga,24,2/14/2016,H,Celta de Vigo (7.),6:01,RW,28',1:00,Direct free kick,
,LaLiga,16,2/17/2016,A,Sporting Gijón (15.),1:03,RW,25',0:01,Left-footed shot,Luis Suárez
,,,,,,,,31',1:02,Left-footed shot,Luis Suárez
,Champions League,last 16,2/23/2016,A,Arsenal,0:02,RW,71',0:01,Left-footed shot,Neymar
,,,,,,,,83',0:02,Penalty,
,LaLiga,26,2/28/2016,H,Sevilla FC (5.),2:01,RW,31',1:01,Direct free kick,
,LaLiga,27,3/3/2016,A,Rayo Vallecano (16.),1:05,RW,23',0:02,Left-footed shot,Neymar
,,,,,,,,53',0:03,Left-footed shot,
,,,,,,,,72',1:04,Left-footed shot,Sergio Busquets
,LaLiga,28,3/6/2016,A,SD Eibar (8.),0:04,RW,42',0:02,Left-footed shot,Munir El Haddadi
,,,,,,,,76',0:03,Penalty,
,LaLiga,29,3/12/2016,H,Getafe (16.),6:00,CF,41',4:00,Left-footed shot,Arda Turan
,Champions League,last 16,3/16/2016,H,Arsenal,3:01,RW,86',3:01,Left-footed shot,Neymar
,LaLiga,33,4/17/2016,H,Valencia (12.),1:02,RW,63',1:02,Left-footed shot,Jordi Alba
,LaLiga,34,4/20/2016,A,Dep. La Coruña (13.),0:08,RW,73',0:06,Left-footed shot,Luis Suárez
,LaLiga,35,4/23/2016,H,Sporting Gijón (18.),6:00,RW,13',1:00,Header,
,LaLiga,37,5/8/2016,H,Espanyol (14.),5:00,RW,8',1:00,Direct free kick,
Season 16/17,,,,,,,,,,,
,Supercopa,final,8/17/2016,H,Sevilla FC,3:00,RW,55',3:00,Header,Lucas Digne
,LaLiga,1,8/20/2016,H,Real Betis (15.),6:02,RW,37',2:01,Left-footed shot,Sergi Roberto
,,,,,,,,58',5:01,Left-footed shot,Arda Turan
,Champions League,Group Stage,9/13/2016,H,Celtic,7:00,RW,3',1:00,Left-footed shot,Neymar
,,,,,,,,27',2:00,Left-footed shot,Neymar
,,,,,,,,60',5:00,Left-footed shot,Luis Suárez
,LaLiga,4,9/17/2016,A,CD Leganés (11.),1:05,RW,15',0:01,Left-footed shot,Luis Suárez
,,,,,,,,55',0:04,Penalty,
,LaLiga,8,10/15/2016,H,Dep. La Coruña (13.),4:00,RW,58',4:00,Left-footed shot,Neymar
,Champions League,Group Stage,10/19/2016,H,Man City,4:00,RW,17',1:00,Left-footed shot,Andrés Iniesta
,,,,,,,,61',2:00,Left-footed shot,Andrés Iniesta
,,,,,,,,69',3:00,Left-footed shot,Luis Suárez
,LaLiga,9,10/22/2016,A,Valencia (14.),2:03,RW,22',0:01,Left-footed shot,Ivan Rakitic
,,,,,,,,90'+4,2:03,Penalty,
,Champions League,Group Stage,11/1/2016,A,Man City,3:01,RW,21',0:01,Left-footed shot,Neymar
,LaLiga,11,11/6/2016,A,Sevilla FC (4.),1:02,RW,43',1:01,Left-footed shot,Neymar
,Champions League,Group Stage,11/23/2016,A,Celtic,0:02,RW,24',0:01,Left-footed shot,Neymar
,,,,,,,,55',0:02,Penalty,
,LaLiga,13,11/27/2016,A,Real Sociedad (5.),1:01,RW,59',1:01,Left-footed shot,Neymar
,Champions League,Group Stage,12/6/2016,H,Bor. M'gladbach,4:00,RW,16',1:00,Left-footed shot,Arda Turan
,LaLiga,15,12/10/2016,A,CA Osasuna (20.),0:03,RW,72',0:02,Left-footed shot,Jordi Alba
,,,,,,,,90'+2,0:03,Left-footed shot,Sergio Busquets
,LaLiga,16,12/18/2016,H,Espanyol (9.),4:01,RW,90',4:01,Left-footed shot,Luis Suárez
,Copa del Rey,last 16,1/5/2017,A,Athletic,2:01,RW,52',2:01,Direct free kick,
,LaLiga,17,1/8/2017,A,Villarreal (4.),1:01,RW,90',1:01,Direct free kick,
,Copa del Rey,last 16,1/11/2017,H,Athletic,3:01,RW,78',3:01,Direct free kick,
,LaLiga,18,1/14/2017,H,UD Las Palmas (8.),5:00,RW,52',2:00,Right-footed shot,
,LaLiga,19,1/22/2017,A,SD Eibar (9.),0:04,RW,50',0:02,Left-footed shot,Luis Suárez
,Copa del Rey,Quarter-Finals,1/26/2017,H,Real Sociedad,5:02,RW,55',2:00,Penalty,
,Copa del Rey,Semi-Finals,2/1/2017,A,Atlético Madrid,1:02,RW,33',0:02,Left-footed shot,Ivan Rakitic
,LaLiga,21,2/4/2017,H,Athletic (7.),3:00,RW,40',2:00,Direct free kick,
,LaLiga,22,2/11/2017,A,Alavés (12.),0:06,RW,59',0:03,Left-footed shot,Neymar
,LaLiga,23,2/19/2017,H,CD Leganés (17.),2:01,RW,4',1:00,Right-footed shot,Luis Suárez
,,,,,,,,90',2:01,Penalty,
,LaLiga,24,2/26/2017,A,Atlético Madrid (4.),1:02,RW,86',1:02,Left-footed shot,
,LaLiga,25,3/1/2017,H,Sporting Gijón (18.),6:01,RW,9',1:00,Header,Javier Mascherano
,LaLiga,26,3/4/2017,H,Celta de Vigo (10.),5:00,AM,24',1:00,Left-footed shot,Sergio Busquets
,,,,,,,,64',5:00,Left-footed shot,
,Champions League,last 16,3/8/2017,H,Paris SG,6:01,AM,50',3:00,Penalty,
,LaLiga,28,3/19/2017,H,Valencia (13.),4:02,AM,45',2:01,Penalty,
,,,,,,,,53',3:02,Right-footed shot,Javier Mascherano
,LaLiga,30,4/5/2017,H,Sevilla FC (4.),3:00,RW,28',2:00,Right-footed shot,Luis Suárez
,,,,,,,,33',3:00,Left-footed shot,
,LaLiga,32,4/15/2017,H,Real Sociedad (6.),3:02,RW,17',1:00,Left-footed shot,Luis Suárez
,,,,,,,,37',2:00,Tap-in,
,LaLiga,33,4/23/2017,A,Real Madrid (1.),2:03,RW,33',1:01,Left-footed shot,Ivan Rakitic
,,,,,,,,90'+2,2:03,Left-footed shot,Jordi Alba
,LaLiga,34,4/26/2017,H,CA Osasuna (20.),7:01,AM,12',1:00,Left-footed shot,
,,,,,,,,61',4:01,Left-footed shot,Ivan Rakitic
,LaLiga,36,5/6/2017,H,Villarreal (5.),4:01,RW,45',2:01,Left-footed shot,Sergio Busquets
,,,,,,,,82',4:01,Penalty,
,LaLiga,38,5/21/2017,H,SD Eibar (8.),4:02,RW,75',3:02,Penalty,
,,,,,,,,90'+2,4:02,Right-footed shot,
,Copa del Rey,Final,5/27/2017,H,Alavés,3:01,RW,30',1:00,Left-footed shot,Neymar
Season 17/18,,,,,,,,,,,
,Supercopa,final,8/13/2017,H,Real Madrid,1:03,RW,77',1:01,Penalty,
,LaLiga,2,8/26/2017,A,Alavés (18.),0:02,CF,55',0:01,Left-footed shot,Jordi Alba
,,,,,,,,66',0:02,Left-footed shot,Paco Alcácer
,LaLiga,3,9/9/2017,H,Espanyol (13.),5:00,CF,26',1:00,Left-footed shot,Ivan Rakitic
,,,,,,,,35',2:00,Right-footed shot,Jordi Alba
,,,,,,,,67',3:00,Left-footed shot,Jordi Alba
,Champions League,Group Stage,9/12/2017,H,Juventus,3:00,CF,45',1:00,Left-footed shot,Luis Suárez
,,,,,,,,69',3:00,Left-footed shot,Andrés Iniesta
,LaLiga,5,9/19/2017,H,SD Eibar (13.),6:01,CF,21',1:00,Penalty,
,,,,,,,,59',4:01,Left-footed shot,Sergio Busquets
,,,,,,,,62',5:01,Left-footed shot,Paulinho
,,,,,,,,87',6:01,Left-footed shot,Aleix Vidal
,LaLiga,7,10/1/2017,H,UD Las Palmas (15.),3:00,SS,70',2:00,Left-footed shot,Denis Suárez
,,,,,,,,77',3:00,Left-footed shot,Luis Suárez
,Champions League,Group Stage,10/18/2017,H,Olympiacos,3:01,CF,61',2:00,Direct free kick,
,LaLiga,10,10/28/2017,A,Athletic (11.),0:02,SS,37',0:01,Left-footed shot,Jordi Alba
,LaLiga,14,12/2/2017,H,Celta de Vigo (9.),2:02,SS,22',1:01,Left-footed shot,Paulinho
,LaLiga,15,12/10/2017,A,Villarreal (6.),0:02,RW,83',0:02,Left-footed shot,Sergio Busquets
,LaLiga,17,12/23/2017,A,Real Madrid (3.),0:03,SS,64',0:02,Penalty,
,LaLiga,18,1/7/2018,H,Levante (16.),3:00,SS,12',1:00,Left-footed shot,Jordi Alba
,Copa del Rey,last 16,1/11/2018,H,Celta de Vigo,5:00,SS,13',1:00,Left-footed shot,Jordi Alba
,,,,,,,,15',2:00,Left-footed shot,Jordi Alba
,LaLiga,19,1/14/2018,A,Real Sociedad (12.),2:04,SS,85',2:04,Direct free kick,
,LaLiga,20,1/21/2018,A,Real Betis (7.),0:05,SS,64',0:02,Left-footed shot,Sergio Busquets
,,,,,,,,80',0:04,Left-footed shot,Luis Suárez
,Copa del Rey,Quarter-Finals,1/25/2018,H,Espanyol,2:00,SS,25',2:00,Deflected shot on goal,
,LaLiga,21,1/28/2018,H,Alavés (16.),2:01,SS,84',2:01,Direct free kick,
,Champions League,last 16,2/20/2018,A,Chelsea,1:01,SS,75',1:01,Left-footed shot,Andrés Iniesta
,LaLiga,25,2/24/2018,H,Girona (8.),6:01,SS,30',2:01,Left-footed shot,Luis Suárez
,,,,,,,,36',3:01,Direct free kick,
,LaLiga,26,3/1/2018,A,UD Las Palmas (18.),1:01,SS,21',0:01,Direct free kick,
,LaLiga,27,3/4/2018,H,Atlético Madrid (2.),1:00,SS,26',1:00,Direct free kick,
,Champions League,last 16,3/14/2018,H,Chelsea,3:00,SS,3',1:00,Right-footed shot,Luis Suárez
,,,,,,,,63',3:00,Left-footed shot,Luis Suárez
,LaLiga,29,3/18/2018,H,Athletic (12.),2:00,SS,30',2:00,Left-footed shot,Ousmane Dembélé
,LaLiga,30,3/31/2018,A,Sevilla FC (6.),2:02,RW,89',2:02,Left-footed shot,Philippe Coutinho
,LaLiga,31,4/7/2018,H,CD Leganés (14.),3:01,SS,27',1:00,Direct free kick,
,,,,,,,,32',2:00,Left-footed shot,Philippe Coutinho
,,,,,,,,87',3:01,Left-footed shot,Ousmane Dembélé
,Copa del Rey,Final,4/21/2018,A,Sevilla FC,0:05,SS,31',0:02,Left-footed shot,Jordi Alba
,LaLiga,35,4/29/2018,A,Dep. La Coruña (18.),2:04,SS,38',0:02,Left-footed shot,Luis Suárez
,,,,,,,,82',2:03,Right-footed shot,Luis Suárez
,,,,,,,,85',2:04,Left-footed shot,Luis Suárez
,LaLiga,36,5/6/2018,H,Real Madrid (3.),2:02,SS,52',2:01,Left-footed shot,Luis Suárez
,LaLiga,34,5/9/2018,H,Villarreal (6.),5:01,CF,45',3:00,Left-footed shot,Andrés Iniesta
Season 18/19,,,,,,,,,,,
,LaLiga,1,8/18/2018,H,Alavés (11.),3:00,RW,64',1:00,Direct free kick,
,,,,,,,,90'+2,3:00,Left-footed shot,Luis Suárez
,LaLiga,3,9/2/2018,H,SD Huesca (6.),8:02,RW,16',1:01,Right-footed shot,Ivan Rakitic
,,,,,,,,61',6:02,Left-footed shot,Philippe Coutinho
,Champions League,Group Stage,9/18/2018,H,PSV Eindhoven,4:00,RW,31',1:00,Direct free kick,
,,,,,,,,77',3:00,Left-footed shot,Ivan Rakitic
,,,,,,,,87',4:00,Right-footed shot,Luis Suárez
,LaLiga,5,9/23/2018,H,Girona (6.),2:02,RW,19',1:00,Left-footed shot,Arturo Vidal
,Champions League,Group Stage,10/3/2018,A,Spurs,2:04,RW,56',1:03,Left-footed shot,Jordi Alba
,,,,,,,,90',2:04,Left-footed shot,Jordi Alba
,LaLiga,8,10/7/2018,A,Valencia (13.),1:01,RW,23',1:01,Left-footed shot,Luis Suárez
,LaLiga,9,10/20/2018,H,Sevilla FC (1.),4:02,RW,12',2:00,Left-footed shot,Luis Suárez
,LaLiga,12,11/11/2018,H,Real Betis (14.),3:04,SS,68',1:02,Penalty,
,,,,,,,,90'+4,3:04,Left-footed shot,Arturo Vidal
,Champions League,Group Stage,11/28/2018,A,PSV Eindhoven,1:02,CF,61',0:01,Left-footed shot,Ousmane Dembélé
,LaLiga,15,12/8/2018,A,Espanyol (7.),0:04,RW,17',0:01,Direct free kick,
,,,,,,,,65',0:04,Direct free kick,
,LaLiga,16,12/16/2018,A,Levante (6.),0:05,CF,43',0:02,Right-footed shot,Sergio Busquets
,,,,,,,,47',0:03,Left-footed shot,
,,,,,,,,60',0:04,Left-footed shot,Arturo Vidal
,LaLiga,17,12/22/2018,H,Celta de Vigo (10.),2:00,RW,45',2:00,Left-footed shot,Jordi Alba
,LaLiga,18,1/6/2019,A,Getafe (7.),1:02,RW,20',0:01,Left-footed shot,
,LaLiga,19,1/13/2019,H,SD Eibar (11.),3:00,RW,53',2:00,Left-footed shot,Luis Suárez
,Copa del Rey,last 16,1/17/2019,H,Levante,3:00,CF,54',3:00,Left-footed shot,Nélson Semedo
,LaLiga,20,1/20/2019,H,CD Leganés (15.),3:01,SS,90'+2,3:01,Right-footed shot,Jordi Alba
,LaLiga,21,1/27/2019,A,Girona (12.),0:02,RW,69',0:02,Left-footed shot,Jordi Alba
,Copa del Rey,Quarter-Finals,1/30/2019,H,Sevilla FC,6:01,RW,90'+2,6:01,Left-footed shot,Jordi Alba
,LaLiga,22,2/2/2019,H,Valencia (7.),2:02,RW,39',1:02,Penalty,
,,,,,,,,64',2:02,Left-footed shot,Arturo Vidal
,LaLiga,24,2/16/2019,H,Real Valladolid (15.),1:00,RW,43',1:00,Penalty,
,LaLiga,25,2/23/2019,A,Sevilla FC (4.),2:04,RW,26',1:01,Left-footed shot,Ivan Rakitic
,,,,,,,,67',2:02,Right-footed shot,Ousmane Dembélé
,,,,,,,,85',2:03,Left-footed shot,
,LaLiga,27,3/9/2019,H,Rayo Vallecano (19.),3:01,RW,51',2:01,Penalty,
,Champions League,last 16,3/13/2019,H,Olympique Lyon,5:01,RW,18',1:00,Penalty,
,,,,,,,,78',3:01,Right-footed shot,Sergio Busquets
,LaLiga,28,3/17/2019,A,Real Betis (8.),1:04,SS,18',0:01,Direct free kick,
,,,,,,,,45'+2,0:02,Left-footed shot,Luis Suárez
,,,,,,,,85',1:04,Left-footed shot,Ivan Rakitic
,LaLiga,29,3/30/2019,H,Espanyol (13.),2:00,RW,71',1:00,Direct free kick,
,,,,,,,,89',2:00,Left-footed shot,Malcom
,LaLiga,30,4/2/2019,A,Villarreal (17.),4:04,RW,90',4:03,Direct free kick,
,LaLiga,31,4/6/2019,H,Atlético Madrid (2.),2:00,SS,87',2:00,Left-footed shot,
,Champions League,Quarter-Finals,4/16/2019,H,Man Utd,3:00,RW,16',1:00,Left-footed shot,
,,,,,,,,20',2:00,Right-footed shot,
,LaLiga,35,4/27/2019,H,Levante (15.),1:00,RW,62',1:00,Left-footed shot,Arturo Vidal
,Champions League,Semi-Finals,5/1/2019,H,Liverpool,3:00,RW,75',2:00,Left-footed shot,Luis Suárez
,,,,,,,,82',3:00,Direct free kick,
,LaLiga,38,5/19/2019,A,SD Eibar (12.),2:02,CF,31',1:01,Left-footed shot,Arturo Vidal
,,,,,,,,32',1:02,Left-footed shot,Ivan Rakitic
,Copa del Rey,Final,5/25/2019,H,Valencia,1:02,CF,73',1:02,Left-footed shot,Clément Lenglet
Season 19/20,,,,,,,,,,,
,LaLiga,8,10/6/2019,H,Sevilla FC (6.),4:00,RW,78',4:00,Direct free kick,
,LaLiga,9,10/19/2019,A,SD Eibar (14.),0:03,RW,58',0:02,Left-footed shot,Antoine Griezmann
,Champions League,Group Stage,10/23/2019,A,Slavia Prague,1:02,RW,3',0:01,Left-footed shot,Arthur
,LaLiga,11,10/29/2019,H,Real Valladolid (8.),5:01,RW,34',3:01,Direct free kick,
,,,,,,,,75',4:01,Left-footed shot,Ivan Rakitic
,LaLiga,12,11/2/2019,A,Levante (11.),3:01,RW,38',0:01,Penalty,
,LaLiga,13,11/9/2019,H,Celta de Vigo (18.),4:01,RW,23',1:00,Penalty,
,,,,,,,,45'+1,2:01,Direct free kick,
,,,,,,,,48',3:01,Direct free kick,
,Champions League,Group Stage,11/27/2019,H,Bor. Dortmund,3:01,RW,33',2:00,Left-footed shot,Luis Suárez
,LaLiga,15,12/1/2019,A,Atlético Madrid (4.),0:01,RW,86',0:01,Left-footed shot,Luis Suárez
,LaLiga,16,12/7/2019,H,RCD Mallorca (17.),5:02,RW,17',2:00,Left-footed shot,Antoine Griezmann
,,,,,,,,41',3:01,Left-footed shot,Ivan Rakitic
,,,,,,,,83',5:02,Left-footed shot,Luis Suárez
,LaLiga,18,12/21/2019,H,Alavés (14.),4:01,RW,69',3:01,Left-footed shot,Luis Suárez
,Supercopa,Semi-Finals,1/9/2020,H,Atlético Madrid,2:03,RW,51',1:01,Right-footed shot,Luis Suárez
,LaLiga,20,1/19/2020,H,Granada CF (10.),1:00,CF,76',1:00,Right-footed shot,Arturo Vidal
,Copa del Rey,Round of 16,1/30/2020,H,CD Leganés,5:00,RW,59',3:00,Left-footed shot,Frenkie de Jong
,,,,,,,,89',5:00,Left-footed shot,Ivan Rakitic
,LaLiga,25,2/22/2020,H,SD Eibar (16.),5:00,SS,14',1:00,Left-footed shot,Ivan Rakitic
,,,,,,,,37',2:00,Left-footed shot,Arturo Vidal
,,,,,,,,40',3:00,Left-footed shot,
,,,,,,,,87',4:00,Left-footed shot,
,LaLiga,27,3/7/2020,H,Real Sociedad (6.),1:00,RW,81',1:00,Penalty,
